model,oof_macro_f1,oof_ap,best_th,te_macro_f1,te_ap
SVM-RBF,0.7417262451814539,0.6705581022008091,0.4,0.8412800837111964,0.916916034449786
LightGBM,0.7325576641341496,0.6707911261396449,0.39,0.8326637554585152,0.8824014169007788
XGBoost,0.7394868515231586,0.6792608628477452,0.41,0.8306023812330543,0.8843192666426225
RandomForest,0.7325425295132577,0.6674067591829107,0.39,0.8272856791078904,0.8895699644318743
MLP,0.4132944583594239,0.2953006703798819,0.2,0.5336337162342113,0.5196135721616889
